[{"_id":{"$oid":"5a4f97cddbbb7e24bd9a13d5"},"name":"Superman","uid":1.0,"img":"/static/img/justice/superman.png","description":"The man of steel","aliases":"Clark Kent, Son of Jor-el"},
{"_id":{"$oid":"5a4f97dcdbbb7e24bd9a13d6"},"name":"Wonder Woman","uid":2.0,"img":"/static/img/justice/wonderwoman.png","description":"The goddess of truth","aliases":"Diana Prince"},
{"_id":{"$oid":"5a4f97e7dbbb7e24bd9a13d7"},"name":"The Flash","uid":3.0,"img":"/static/img/justice/flash.png","description":"","aliases":"Barry Allen"},
{"_id":{"$oid":"5a4f97f0dbbb7e24bd9a13d8"},"name":"Batman","uid":4.0,"img":"/static/img/justice/batman.png","description":"","aliases":"Bruce Wayne, The Dark Knight"}]